{"cameraMode":{"drawMode":0,"name":"Shaded","section":"Shading Mode"},"sceneLighting":false,"audioPlay":false,"sceneViewState":{"showFog":true,"showMaterialUpdate":false,"showSkybox":true,"showFlares":true,"showImageEffects":true,"showParticleSystems":true},"in2DMode":false,"pivot":{"x":2.8997440338134767,"y":-2.2964916229248049,"z":45.15167999267578},"rotation":{"x":-0.4389309585094452,"y":0.12199220061302185,"z":-0.060289010405540469,"w":-0.8881569504737854},"size":48.00883865356445,"orthographic":false}