{"cameraMode":{"drawMode":0,"name":"Shaded","section":"Shading Mode"},"sceneLighting":false,"audioPlay":false,"sceneViewState":{"showFog":true,"showMaterialUpdate":false,"showSkybox":true,"showFlares":true,"showImageEffects":true,"showParticleSystems":true},"in2DMode":false,"pivot":{"x":-0.857243537902832,"y":-0.6155140399932861,"z":-0.4016537070274353},"rotation":{"x":-0.1880791187286377,"y":-0.6806921362876892,"z":0.1875174641609192,"w":-0.6827311515808106},"size":5.091651439666748,"orthographic":false}