{"cameraMode":{"drawMode":0,"name":"Shaded","section":"Shading Mode"},"sceneLighting":true,"audioPlay":false,"sceneViewState":{"showFog":true,"showMaterialUpdate":false,"showSkybox":true,"showFlares":true,"showImageEffects":true,"showParticleSystems":true},"in2DMode":false,"pivot":{"x":-4.371277809143066,"y":35.60920715332031,"z":103.50618743896485},"rotation":{"x":-0.10253887623548508,"y":0.6770445108413696,"z":-0.0961010530591011,"w":-0.7223995327949524},"size":332.4267578125,"orthographic":false}