{"cameraMode":{"drawMode":0,"name":"Shaded","section":"Shading Mode"},"sceneLighting":false,"audioPlay":false,"sceneViewState":{"showFog":true,"showMaterialUpdate":false,"showSkybox":true,"showFlares":true,"showImageEffects":true,"showParticleSystems":true},"in2DMode":false,"pivot":{"x":7.510000228881836,"y":1.059999942779541,"z":-13.369999885559082},"rotation":{"x":-0.10253887623548508,"y":0.6770445108413696,"z":-0.0961010530591011,"w":-0.7223995327949524},"size":17.007919311523439,"orthographic":false}