{"cameraMode":{"drawMode":0,"name":"Shaded","section":"Shading Mode"},"sceneLighting":false,"audioPlay":false,"sceneViewState":{"showFog":true,"showMaterialUpdate":false,"showSkybox":true,"showFlares":true,"showImageEffects":true,"showParticleSystems":true},"in2DMode":false,"pivot":{"x":-2.712212085723877,"y":0.4177433252334595,"z":-0.7159578800201416},"rotation":{"x":-0.27956444025039675,"y":0.41146352887153628,"z":-0.1342175453901291,"w":-0.8570456504821777},"size":2.9578070640563967,"orthographic":false}