{"cameraMode":{"drawMode":0,"name":"Shaded","section":"Shading Mode"},"sceneLighting":false,"audioPlay":false,"sceneViewState":{"showFog":true,"showMaterialUpdate":false,"showSkybox":true,"showFlares":true,"showImageEffects":true,"showParticleSystems":true},"in2DMode":false,"pivot":{"x":11.726362228393555,"y":20.094985961914064,"z":76.0689697265625},"rotation":{"x":-0.16122710704803468,"y":0.028123192489147188,"z":-0.004596199374645948,"w":-0.986505925655365},"size":135.55113220214845,"orthographic":false}