{"cameraMode":{"drawMode":0,"name":"Shaded","section":"Shading Mode"},"sceneLighting":true,"audioPlay":false,"sceneViewState":{"showFog":true,"showMaterialUpdate":false,"showSkybox":true,"showFlares":true,"showImageEffects":true,"showParticleSystems":true},"in2DMode":false,"pivot":{"x":-21.954605102539064,"y":17.821491241455079,"z":72.36587524414063},"rotation":{"x":-0.13055340945720673,"y":0.4303695857524872,"z":-0.06306447088718414,"w":-0.8909325003623962},"size":87.98065948486328,"orthographic":false}