{"cameraMode":{"drawMode":0,"name":"Shaded","section":"Shading Mode"},"sceneLighting":false,"audioPlay":false,"sceneViewState":{"showFog":true,"showMaterialUpdate":false,"showSkybox":true,"showFlares":true,"showImageEffects":true,"showParticleSystems":true},"in2DMode":false,"pivot":{"x":-2.359999895095825,"y":0.6800000667572022,"z":0.0},"rotation":{"x":-0.27956444025039675,"y":0.41146352887153628,"z":-0.1342175453901291,"w":-0.8570456504821777},"size":2.8578836917877199,"orthographic":false}